1,blountam,2022-09-25,14:31:20,1
2,blountam,2022-09-25,19:02:00,2
3,jambo,2023-03-23,10:00,1
4,jambo,2023-03-23,10:01,2
5,jambo,2023-03-23,10:02,1
6,jambo,2023-03-23,10:03,2
7,baky,2020-12-20,13:21:34,1
8,baky,2020-12-20,13:51:04,2
9,kors,2020-12-20,10:00:39,1
10,kors,2020-12-21,9:34:43,2
11,snow,2020-12-20,9:34,1
12,snow,2020-12-20,23:24,2
13,kors,2022-07-09,9:00,1
14,kors,2022-07-09,19:00,2
15,blountam,2021-08-01,15:35,1
16,blountam,2021-08-01,21:51,2
17,blountam,2022-08-28,10:32,1
18,blountam,2022-08-28,14:02,2
19,blountam,2022-08-08,10:32,1
20,blountam,2022-08-08,23:21,2
21,kors,2022-07-19,19:00,1
22,kors,2022-07-19,22:00,2
23,kors,2022-07-21,10:00,1
24,kors,2022-07-21,15:00,2
25,jambo,2023-04-03,10:02,1
26,jambo,2023-04-03,12:03,2
27,baky,2023-06-01,13:02,1
28,baky,2023-06-01,14:03,2
